id,name,city,date,level,subtype,popularity,image_url
1,HipHop Night 85,Miami,2026-03-17,National,Rock,85,"https://source.unsplash.com/300x180/?concert,music,rock"
2,Classical Echoes 75,Miami,2025-11-12,National,Classical,47,"https://source.unsplash.com/300x180/?concert,music,classical"
3,Jazz Harmony 59,Seattle,2025-05-08,National,Hip-Hop,70,"https://source.unsplash.com/300x180/?concert,music,hip-hop"
4,Rock Vibes 24,Chicago,2025-09-10,International,EDM,62,"https://source.unsplash.com/300x180/?concert,music,edm"
5,EDM Blast 52,Los Angeles,2025-09-22,State,Classical,88,"https://source.unsplash.com/300x180/?concert,music,classical"
6,Rock Vibes 96,Boston,2025-07-23,National,Folk,38,"https://source.unsplash.com/300x180/?concert,music,folk"
7,Folk Beats 68,Boston,2025-12-18,National,Rock,12,"https://source.unsplash.com/300x180/?concert,music,rock"
8,Rock Vibes 74,Los Angeles,2025-09-22,International,EDM,69,"https://source.unsplash.com/300x180/?concert,music,edm"
9,Classical Echoes 76,Chicago,2026-03-12,State,Western,36,"https://source.unsplash.com/300x180/?concert,music,western"
10,Western Melodies 65,Seattle,2026-02-27,National,Rock,10,"https://source.unsplash.com/300x180/?concert,music,rock"
11,Jazz Harmony 83,Boston,2026-02-25,State,Hip-Hop,24,"https://source.unsplash.com/300x180/?concert,music,hip-hop"
12,Folk Beats 48,Seattle,2025-09-02,State,Folk,31,"https://source.unsplash.com/300x180/?concert,music,folk"
13,Western Melodies 70,Chicago,2025-11-25,International,EDM,86,"https://source.unsplash.com/300x180/?concert,music,edm"
14,EDM Blast 36,Los Angeles,2025-12-17,National,Rock,44,"https://source.unsplash.com/300x180/?concert,music,rock"
15,Classical Echoes 41,Chicago,2026-02-19,National,Hip-Hop,55,"https://source.unsplash.com/300x180/?concert,music,hip-hop"
16,HipHop Night 81,Chicago,2025-09-23,National,Western,10,"https://source.unsplash.com/300x180/?concert,music,western"
17,Rock Vibes 47,Seattle,2025-09-11,National,Classical,73,"https://source.unsplash.com/300x180/?concert,music,classical"
18,Rock Vibes 91,Miami,2025-10-20,National,Rock,41,"https://source.unsplash.com/300x180/?concert,music,rock"
19,EDM Blast 92,Los Angeles,2025-08-08,National,Classical,45,"https://source.unsplash.com/300x180/?concert,music,classical"
20,HipHop Night 17,San Francisco,2025-07-08,State,Folk,33,"https://source.unsplash.com/300x180/?concert,music,folk"
21,Jazz Harmony 23,San Francisco,2025-09-02,National,Western,78,"https://source.unsplash.com/300x180/?concert,music,western"
22,Jazz Harmony 23,New York,2025-05-12,State,Folk,26,"https://source.unsplash.com/300x180/?concert,music,folk"
23,Classical Echoes 57,Seattle,2025-11-21,State,Western,82,"https://source.unsplash.com/300x180/?concert,music,western"
24,Jazz Harmony 2,Chicago,2025-09-02,International,Classical,65,"https://source.unsplash.com/300x180/?concert,music,classical"
25,Rock Vibes 38,Miami,2026-03-13,International,Classical,51,"https://source.unsplash.com/300x180/?concert,music,classical"
26,EDM Blast 86,San Francisco,2025-08-25,State,EDM,46,"https://source.unsplash.com/300x180/?concert,music,edm"
27,HipHop Night 87,Seattle,2025-06-26,State,Western,13,"https://source.unsplash.com/300x180/?concert,music,western"
28,EDM Blast 12,New York,2026-01-15,State,EDM,44,"https://source.unsplash.com/300x180/?concert,music,edm"
29,Rock Vibes 56,Houston,2025-10-04,State,Western,26,"https://source.unsplash.com/300x180/?concert,music,western"
30,Rock Vibes 9,New York,2025-07-12,International,Rock,40,"https://source.unsplash.com/300x180/?concert,music,rock"
31,Classical Echoes 80,Los Angeles,2025-08-31,State,Folk,79,"https://source.unsplash.com/300x180/?concert,music,folk"
32,Rock Vibes 92,Chicago,2025-11-02,National,Western,41,"https://source.unsplash.com/300x180/?concert,music,western"
33,Folk Beats 53,Seattle,2026-02-17,International,Classical,71,"https://source.unsplash.com/300x180/?concert,music,classical"
34,HipHop Night 59,Seattle,2025-05-29,National,Folk,18,"https://source.unsplash.com/300x180/?concert,music,folk"
35,Folk Beats 80,Boston,2025-07-08,International,EDM,41,"https://source.unsplash.com/300x180/?concert,music,edm"
36,Rock Vibes 97,Boston,2025-06-22,National,Western,74,"https://source.unsplash.com/300x180/?concert,music,western"
37,Rock Vibes 36,Boston,2025-10-06,National,Western,43,"https://source.unsplash.com/300x180/?concert,music,western"
38,Western Melodies 39,Chicago,2025-06-07,State,Rock,82,"https://source.unsplash.com/300x180/?concert,music,rock"
39,HipHop Night 34,Miami,2025-07-23,National,Western,38,"https://source.unsplash.com/300x180/?concert,music,western"
40,Folk Beats 97,New York,2026-04-27,International,Jazz,53,"https://source.unsplash.com/300x180/?concert,music,jazz"
41,EDM Blast 40,Seattle,2025-07-01,State,Western,59,"https://source.unsplash.com/300x180/?concert,music,western"
42,EDM Blast 37,Houston,2025-12-05,International,Rock,19,"https://source.unsplash.com/300x180/?concert,music,rock"
43,Western Melodies 74,Los Angeles,2026-01-04,National,Folk,57,"https://source.unsplash.com/300x180/?concert,music,folk"
44,Classical Echoes 84,Boston,2025-10-26,National,Folk,59,"https://source.unsplash.com/300x180/?concert,music,folk"
45,Folk Beats 40,Chicago,2025-08-08,National,Jazz,23,"https://source.unsplash.com/300x180/?concert,music,jazz"
46,Rock Vibes 94,New York,2026-03-26,International,Rock,62,"https://source.unsplash.com/300x180/?concert,music,rock"
47,Folk Beats 53,Miami,2025-11-16,International,Jazz,98,"https://source.unsplash.com/300x180/?concert,music,jazz"
48,EDM Blast 8,New York,2026-03-23,International,Classical,32,"https://source.unsplash.com/300x180/?concert,music,classical"
49,EDM Blast 43,Houston,2026-01-31,International,EDM,11,"https://source.unsplash.com/300x180/?concert,music,edm"
50,Rock Vibes 65,Miami,2025-06-28,National,Hip-Hop,26,"https://source.unsplash.com/300x180/?concert,music,hip-hop"
51,Jazz Harmony 46,Chicago,2025-07-18,National,Classical,99,"https://source.unsplash.com/300x180/?concert,music,classical"
52,Rock Vibes 57,San Francisco,2025-08-27,State,EDM,27,"https://source.unsplash.com/300x180/?concert,music,edm"
53,Folk Beats 96,Los Angeles,2025-07-30,International,EDM,14,"https://source.unsplash.com/300x180/?concert,music,edm"
54,Classical Echoes 67,Boston,2026-01-18,State,Hip-Hop,74,"https://source.unsplash.com/300x180/?concert,music,hip-hop"
55,EDM Blast 5,Chicago,2025-08-10,National,EDM,99,"https://source.unsplash.com/300x180/?concert,music,edm"
56,HipHop Night 52,Chicago,2026-02-28,State,Classical,41,"https://source.unsplash.com/300x180/?concert,music,classical"
57,Jazz Harmony 6,Los Angeles,2025-11-30,State,Western,78,"https://source.unsplash.com/300x180/?concert,music,western"
58,Jazz Harmony 48,Houston,2025-12-20,State,Classical,96,"https://source.unsplash.com/300x180/?concert,music,classical"
59,Folk Beats 67,Houston,2026-05-02,International,Folk,76,"https://source.unsplash.com/300x180/?concert,music,folk"
60,Classical Echoes 9,Miami,2025-07-30,National,Classical,51,"https://source.unsplash.com/300x180/?concert,music,classical"
61,Jazz Harmony 95,Boston,2025-09-16,National,Rock,67,"https://source.unsplash.com/300x180/?concert,music,rock"
62,EDM Blast 77,Miami,2026-02-28,National,Hip-Hop,23,"https://source.unsplash.com/300x180/?concert,music,hip-hop"
63,Classical Echoes 13,Houston,2025-10-19,State,Folk,88,"https://source.unsplash.com/300x180/?concert,music,folk"
64,Jazz Harmony 56,Seattle,2025-08-10,National,Classical,53,"https://source.unsplash.com/300x180/?concert,music,classical"
65,Jazz Harmony 89,Los Angeles,2026-03-01,National,Jazz,71,"https://source.unsplash.com/300x180/?concert,music,jazz"
66,Folk Beats 89,New York,2025-07-04,National,Hip-Hop,41,"https://source.unsplash.com/300x180/?concert,music,hip-hop"
67,Rock Vibes 40,Seattle,2025-11-25,National,EDM,13,"https://source.unsplash.com/300x180/?concert,music,edm"
68,EDM Blast 89,Houston,2026-03-31,National,EDM,38,"https://source.unsplash.com/300x180/?concert,music,edm"
69,EDM Blast 2,Seattle,2025-05-20,International,Western,21,"https://source.unsplash.com/300x180/?concert,music,western"
70,HipHop Night 38,Houston,2026-04-02,National,Western,51,"https://source.unsplash.com/300x180/?concert,music,western"
71,HipHop Night 50,Chicago,2026-02-20,State,Folk,88,"https://source.unsplash.com/300x180/?concert,music,folk"
72,Western Melodies 68,Boston,2025-10-25,State,Folk,13,"https://source.unsplash.com/300x180/?concert,music,folk"
73,Classical Echoes 37,San Francisco,2026-03-24,International,Folk,30,"https://source.unsplash.com/300x180/?concert,music,folk"
74,Jazz Harmony 7,Seattle,2025-08-13,State,Rock,11,"https://source.unsplash.com/300x180/?concert,music,rock"
75,Western Melodies 55,Houston,2025-07-09,National,Rock,20,"https://source.unsplash.com/300x180/?concert,music,rock"
76,Classical Echoes 64,San Francisco,2026-03-18,International,Hip-Hop,76,"https://source.unsplash.com/300x180/?concert,music,hip-hop"
77,Rock Vibes 57,Miami,2025-08-07,National,Folk,50,"https://source.unsplash.com/300x180/?concert,music,folk"
78,Classical Echoes 66,Boston,2025-10-18,National,Folk,94,"https://source.unsplash.com/300x180/?concert,music,folk"
79,HipHop Night 80,Seattle,2026-03-07,International,Hip-Hop,35,"https://source.unsplash.com/300x180/?concert,music,hip-hop"
80,EDM Blast 62,New York,2025-06-17,State,EDM,24,"https://source.unsplash.com/300x180/?concert,music,edm"
81,Folk Beats 95,Seattle,2025-11-11,International,Folk,64,"https://source.unsplash.com/300x180/?concert,music,folk"
82,Folk Beats 38,Boston,2026-02-11,National,Folk,34,"https://source.unsplash.com/300x180/?concert,music,folk"
83,Folk Beats 92,New York,2026-04-11,State,Rock,25,"https://source.unsplash.com/300x180/?concert,music,rock"
84,Jazz Harmony 91,Seattle,2026-03-20,International,Folk,15,"https://source.unsplash.com/300x180/?concert,music,folk"
85,HipHop Night 22,Houston,2025-12-29,National,EDM,10,"https://source.unsplash.com/300x180/?concert,music,edm"
86,HipHop Night 12,New York,2025-06-30,International,Hip-Hop,89,"https://source.unsplash.com/300x180/?concert,music,hip-hop"
87,Western Melodies 91,Seattle,2025-07-21,State,EDM,78,"https://source.unsplash.com/300x180/?concert,music,edm"
88,Rock Vibes 45,Los Angeles,2026-02-22,State,EDM,36,"https://source.unsplash.com/300x180/?concert,music,edm"
89,EDM Blast 74,San Francisco,2025-09-16,State,Western,10,"https://source.unsplash.com/300x180/?concert,music,western"
90,Classical Echoes 96,Seattle,2026-04-09,National,Jazz,32,"https://source.unsplash.com/300x180/?concert,music,jazz"
91,Rock Vibes 73,Seattle,2026-03-26,National,Hip-Hop,89,"https://source.unsplash.com/300x180/?concert,music,hip-hop"
92,Classical Echoes 83,Chicago,2025-09-17,International,EDM,51,"https://source.unsplash.com/300x180/?concert,music,edm"
93,Jazz Harmony 65,New York,2025-11-26,State,Western,78,"https://source.unsplash.com/300x180/?concert,music,western"
94,EDM Blast 75,Los Angeles,2026-04-28,International,EDM,62,"https://source.unsplash.com/300x180/?concert,music,edm"
95,EDM Blast 29,Boston,2025-09-06,International,Hip-Hop,70,"https://source.unsplash.com/300x180/?concert,music,hip-hop"
96,Rock Vibes 2,Miami,2025-10-07,International,Hip-Hop,78,"https://source.unsplash.com/300x180/?concert,music,hip-hop"
97,Classical Echoes 18,San Francisco,2025-05-08,National,Western,98,"https://source.unsplash.com/300x180/?concert,music,western"
98,EDM Blast 69,San Francisco,2025-05-20,International,Folk,64,"https://source.unsplash.com/300x180/?concert,music,folk"
99,Classical Echoes 91,Miami,2026-02-02,International,Jazz,58,"https://source.unsplash.com/300x180/?concert,music,jazz"
100,Western Melodies 55,Miami,2026-04-02,International,Western,49,"https://source.unsplash.com/300x180/?concert,music,western"
101,Jazz Harmony 54,New York,2025-12-02,National,Folk,30,"https://source.unsplash.com/300x180/?concert,music,folk"
102,Folk Beats 58,Seattle,2026-02-21,State,Jazz,80,"https://source.unsplash.com/300x180/?concert,music,jazz"
103,Jazz Harmony 14,New York,2025-06-15,International,Western,56,"https://source.unsplash.com/300x180/?concert,music,western"
104,Western Melodies 55,New York,2025-12-25,National,Jazz,30,"https://source.unsplash.com/300x180/?concert,music,jazz"
105,Jazz Harmony 8,San Francisco,2026-02-17,National,Classical,54,"https://source.unsplash.com/300x180/?concert,music,classical"
106,Jazz Harmony 85,Boston,2025-06-04,National,Western,76,"https://source.unsplash.com/300x180/?concert,music,western"
107,HipHop Night 20,Miami,2025-09-16,State,EDM,93,"https://source.unsplash.com/300x180/?concert,music,edm"
108,HipHop Night 86,Chicago,2025-12-07,International,Jazz,96,"https://source.unsplash.com/300x180/?concert,music,jazz"
109,HipHop Night 57,San Francisco,2025-09-07,National,Hip-Hop,59,"https://source.unsplash.com/300x180/?concert,music,hip-hop"
110,Classical Echoes 70,Miami,2025-08-29,National,Western,85,"https://source.unsplash.com/300x180/?concert,music,western"
111,Western Melodies 97,San Francisco,2026-04-05,National,Classical,18,"https://source.unsplash.com/300x180/?concert,music,classical"
112,Classical Echoes 62,New York,2025-10-13,State,EDM,62,"https://source.unsplash.com/300x180/?concert,music,edm"
113,EDM Blast 26,New York,2025-10-12,International,Jazz,16,"https://source.unsplash.com/300x180/?concert,music,jazz"
114,Classical Echoes 38,Houston,2025-08-17,National,Folk,50,"https://source.unsplash.com/300x180/?concert,music,folk"
115,EDM Blast 48,Los Angeles,2026-04-16,National,Rock,16,"https://source.unsplash.com/300x180/?concert,music,rock"
116,Jazz Harmony 76,Miami,2026-04-27,National,EDM,15,"https://source.unsplash.com/300x180/?concert,music,edm"
117,Rock Vibes 4,Chicago,2025-07-05,State,Classical,47,"https://source.unsplash.com/300x180/?concert,music,classical"
118,Rock Vibes 8,Boston,2025-10-30,State,Hip-Hop,100,"https://source.unsplash.com/300x180/?concert,music,hip-hop"
119,HipHop Night 70,Miami,2025-06-04,State,Western,21,"https://source.unsplash.com/300x180/?concert,music,western"
120,Western Melodies 78,Los Angeles,2026-01-15,State,Folk,12,"https://source.unsplash.com/300x180/?concert,music,folk"
121,Folk Beats 67,Boston,2026-03-17,National,Hip-Hop,27,"https://source.unsplash.com/300x180/?concert,music,hip-hop"
122,Folk Beats 66,Houston,2025-12-21,National,Rock,30,"https://source.unsplash.com/300x180/?concert,music,rock"
123,Rock Vibes 73,Miami,2026-04-28,National,EDM,55,"https://source.unsplash.com/300x180/?concert,music,edm"
124,Jazz Harmony 76,New York,2025-12-31,State,Folk,31,"https://source.unsplash.com/300x180/?concert,music,folk"
125,Folk Beats 59,Seattle,2026-01-29,International,EDM,80,"https://source.unsplash.com/300x180/?concert,music,edm"
126,Rock Vibes 9,Seattle,2025-12-05,International,Jazz,46,"https://source.unsplash.com/300x180/?concert,music,jazz"
127,HipHop Night 95,Boston,2025-06-22,State,Folk,46,"https://source.unsplash.com/300x180/?concert,music,folk"
128,Western Melodies 56,Miami,2025-06-05,International,Classical,11,"https://source.unsplash.com/300x180/?concert,music,classical"
129,Jazz Harmony 56,New York,2025-10-22,National,Western,69,"https://source.unsplash.com/300x180/?concert,music,western"
130,Jazz Harmony 55,Houston,2026-04-29,State,Folk,81,"https://source.unsplash.com/300x180/?concert,music,folk"
131,EDM Blast 91,Miami,2025-07-09,State,Jazz,45,"https://source.unsplash.com/300x180/?concert,music,jazz"
132,Folk Beats 33,San Francisco,2025-05-15,International,Folk,55,"https://source.unsplash.com/300x180/?concert,music,folk"
133,Folk Beats 27,New York,2025-11-01,State,Hip-Hop,14,"https://source.unsplash.com/300x180/?concert,music,hip-hop"
134,EDM Blast 93,Miami,2025-07-06,International,Jazz,45,"https://source.unsplash.com/300x180/?concert,music,jazz"
135,Folk Beats 3,Houston,2025-12-14,International,Folk,48,"https://source.unsplash.com/300x180/?concert,music,folk"
136,Rock Vibes 23,San Francisco,2025-05-25,State,Folk,60,"https://source.unsplash.com/300x180/?concert,music,folk"
137,Rock Vibes 62,Houston,2025-11-04,State,Western,70,"https://source.unsplash.com/300x180/?concert,music,western"
138,EDM Blast 50,Seattle,2025-12-29,International,EDM,62,"https://source.unsplash.com/300x180/?concert,music,edm"
139,Classical Echoes 18,Miami,2025-09-17,National,Western,83,"https://source.unsplash.com/300x180/?concert,music,western"
140,Jazz Harmony 33,San Francisco,2026-01-11,National,EDM,17,"https://source.unsplash.com/300x180/?concert,music,edm"
141,Western Melodies 93,Houston,2025-07-22,International,Hip-Hop,38,"https://source.unsplash.com/300x180/?concert,music,hip-hop"
142,EDM Blast 79,Miami,2026-02-18,State,Western,70,"https://source.unsplash.com/300x180/?concert,music,western"
143,Jazz Harmony 76,Chicago,2025-06-29,State,Rock,43,"https://source.unsplash.com/300x180/?concert,music,rock"
144,EDM Blast 21,New York,2026-04-21,National,Hip-Hop,38,"https://source.unsplash.com/300x180/?concert,music,hip-hop"
145,Jazz Harmony 47,Los Angeles,2025-10-03,State,Jazz,94,"https://source.unsplash.com/300x180/?concert,music,jazz"
146,HipHop Night 11,San Francisco,2026-03-09,National,EDM,21,"https://source.unsplash.com/300x180/?concert,music,edm"
147,EDM Blast 88,San Francisco,2025-09-15,National,Rock,94,"https://source.unsplash.com/300x180/?concert,music,rock"
148,Folk Beats 21,Chicago,2026-04-10,National,Folk,97,"https://source.unsplash.com/300x180/?concert,music,folk"
149,Jazz Harmony 7,Miami,2025-11-18,International,Folk,99,"https://source.unsplash.com/300x180/?concert,music,folk"
150,Rock Vibes 92,Boston,2026-01-19,International,Western,10,"https://source.unsplash.com/300x180/?concert,music,western"
151,Jazz Harmony 46,Miami,2025-08-08,State,Western,35,"https://source.unsplash.com/300x180/?concert,music,western"
152,Western Melodies 38,Houston,2025-05-25,State,Rock,25,"https://source.unsplash.com/300x180/?concert,music,rock"
153,Classical Echoes 72,Los Angeles,2026-04-29,National,Hip-Hop,84,"https://source.unsplash.com/300x180/?concert,music,hip-hop"
154,Rock Vibes 43,Seattle,2025-09-03,International,Western,26,"https://source.unsplash.com/300x180/?concert,music,western"
155,Folk Beats 77,Chicago,2026-01-30,International,Folk,40,"https://source.unsplash.com/300x180/?concert,music,folk"
156,Rock Vibes 89,Boston,2025-12-19,International,EDM,25,"https://source.unsplash.com/300x180/?concert,music,edm"
157,Western Melodies 56,Chicago,2025-08-31,International,Hip-Hop,19,"https://source.unsplash.com/300x180/?concert,music,hip-hop"
158,Western Melodies 1,New York,2025-11-18,National,Folk,31,"https://source.unsplash.com/300x180/?concert,music,folk"
159,Classical Echoes 7,Miami,2025-05-28,State,Hip-Hop,36,"https://source.unsplash.com/300x180/?concert,music,hip-hop"
160,EDM Blast 25,San Francisco,2026-03-17,State,Jazz,67,"https://source.unsplash.com/300x180/?concert,music,jazz"
161,Jazz Harmony 37,Houston,2026-02-03,International,Jazz,46,"https://source.unsplash.com/300x180/?concert,music,jazz"
162,Jazz Harmony 71,Miami,2026-01-12,National,Rock,87,"https://source.unsplash.com/300x180/?concert,music,rock"
163,Classical Echoes 92,Chicago,2026-03-31,State,EDM,15,"https://source.unsplash.com/300x180/?concert,music,edm"
164,EDM Blast 64,San Francisco,2025-08-12,National,Jazz,35,"https://source.unsplash.com/300x180/?concert,music,jazz"
165,Western Melodies 57,Boston,2026-01-03,National,EDM,48,"https://source.unsplash.com/300x180/?concert,music,edm"
166,Folk Beats 84,Boston,2026-01-10,National,Hip-Hop,52,"https://source.unsplash.com/300x180/?concert,music,hip-hop"
167,Rock Vibes 95,New York,2025-11-06,National,Jazz,29,"https://source.unsplash.com/300x180/?concert,music,jazz"
168,Jazz Harmony 86,Seattle,2025-09-27,National,Folk,18,"https://source.unsplash.com/300x180/?concert,music,folk"
169,Jazz Harmony 4,New York,2025-12-30,International,EDM,33,"https://source.unsplash.com/300x180/?concert,music,edm"
170,Folk Beats 7,Chicago,2025-12-29,State,Rock,70,"https://source.unsplash.com/300x180/?concert,music,rock"
171,EDM Blast 3,San Francisco,2025-06-26,International,Classical,12,"https://source.unsplash.com/300x180/?concert,music,classical"
172,Western Melodies 87,Seattle,2026-03-04,International,Western,84,"https://source.unsplash.com/300x180/?concert,music,western"
173,Western Melodies 42,Miami,2025-11-11,National,EDM,88,"https://source.unsplash.com/300x180/?concert,music,edm"
174,Folk Beats 6,Los Angeles,2026-03-18,International,Western,54,"https://source.unsplash.com/300x180/?concert,music,western"
175,Rock Vibes 98,Houston,2025-09-06,State,Folk,36,"https://source.unsplash.com/300x180/?concert,music,folk"
176,Jazz Harmony 39,Miami,2025-11-15,State,EDM,98,"https://source.unsplash.com/300x180/?concert,music,edm"
177,Folk Beats 50,Boston,2026-02-03,International,Western,74,"https://source.unsplash.com/300x180/?concert,music,western"
178,Folk Beats 72,Miami,2025-10-27,State,Classical,70,"https://source.unsplash.com/300x180/?concert,music,classical"
179,EDM Blast 8,Los Angeles,2025-10-30,National,Western,16,"https://source.unsplash.com/300x180/?concert,music,western"
180,Western Melodies 52,San Francisco,2025-06-26,International,Western,82,"https://source.unsplash.com/300x180/?concert,music,western"
181,Folk Beats 10,Houston,2025-08-15,State,EDM,62,"https://source.unsplash.com/300x180/?concert,music,edm"
182,HipHop Night 76,Miami,2025-10-09,State,EDM,93,"https://source.unsplash.com/300x180/?concert,music,edm"
183,Classical Echoes 15,Miami,2025-12-10,State,Folk,42,"https://source.unsplash.com/300x180/?concert,music,folk"
184,Western Melodies 75,Boston,2026-02-07,State,Jazz,73,"https://source.unsplash.com/300x180/?concert,music,jazz"
185,Western Melodies 80,Boston,2025-09-02,International,EDM,65,"https://source.unsplash.com/300x180/?concert,music,edm"
186,Folk Beats 69,New York,2026-04-18,National,Folk,58,"https://source.unsplash.com/300x180/?concert,music,folk"
187,Folk Beats 57,San Francisco,2025-12-27,International,Hip-Hop,51,"https://source.unsplash.com/300x180/?concert,music,hip-hop"
188,Jazz Harmony 73,Miami,2025-10-20,State,Folk,56,"https://source.unsplash.com/300x180/?concert,music,folk"
189,HipHop Night 51,Seattle,2025-08-16,International,Folk,20,"https://source.unsplash.com/300x180/?concert,music,folk"
190,Classical Echoes 75,Houston,2025-06-18,National,Jazz,94,"https://source.unsplash.com/300x180/?concert,music,jazz"
191,Classical Echoes 73,New York,2026-01-20,International,Jazz,30,"https://source.unsplash.com/300x180/?concert,music,jazz"
192,Jazz Harmony 27,Miami,2026-02-10,International,Western,86,"https://source.unsplash.com/300x180/?concert,music,western"
193,Folk Beats 40,Houston,2025-07-12,State,EDM,23,"https://source.unsplash.com/300x180/?concert,music,edm"
194,Classical Echoes 30,Boston,2025-11-28,International,Jazz,49,"https://source.unsplash.com/300x180/?concert,music,jazz"
195,Jazz Harmony 95,San Francisco,2025-10-11,International,EDM,96,"https://source.unsplash.com/300x180/?concert,music,edm"
196,Rock Vibes 54,New York,2026-03-28,State,EDM,87,"https://source.unsplash.com/300x180/?concert,music,edm"
197,Jazz Harmony 32,San Francisco,2025-06-11,State,Rock,65,"https://source.unsplash.com/300x180/?concert,music,rock"
198,Rock Vibes 18,New York,2025-10-02,International,Jazz,72,"https://source.unsplash.com/300x180/?concert,music,jazz"
199,Western Melodies 50,Seattle,2025-07-22,State,Folk,41,"https://source.unsplash.com/300x180/?concert,music,folk"
200,Classical Echoes 65,Los Angeles,2025-09-29,International,Folk,100,"https://source.unsplash.com/300x180/?concert,music,folk"
201,Western Melodies 94,Seattle,2026-02-14,National,Jazz,68,"https://source.unsplash.com/300x180/?concert,music,jazz"
202,Folk Beats 53,San Francisco,2025-08-26,State,Hip-Hop,46,"https://source.unsplash.com/300x180/?concert,music,hip-hop"
203,Rock Vibes 42,Chicago,2025-06-04,State,Rock,70,"https://source.unsplash.com/300x180/?concert,music,rock"
204,EDM Blast 55,Houston,2026-04-29,State,Hip-Hop,63,"https://source.unsplash.com/300x180/?concert,music,hip-hop"
205,HipHop Night 59,Los Angeles,2025-09-05,State,Jazz,63,"https://source.unsplash.com/300x180/?concert,music,jazz"
206,Classical Echoes 51,Seattle,2026-02-03,State,Jazz,40,"https://source.unsplash.com/300x180/?concert,music,jazz"
207,Rock Vibes 65,Houston,2025-11-04,State,Folk,13,"https://source.unsplash.com/300x180/?concert,music,folk"
208,HipHop Night 8,San Francisco,2026-03-11,International,Jazz,65,"https://source.unsplash.com/300x180/?concert,music,jazz"
209,Classical Echoes 73,Boston,2025-06-03,National,Classical,16,"https://source.unsplash.com/300x180/?concert,music,classical"
210,Western Melodies 65,Seattle,2026-04-28,National,Classical,77,"https://source.unsplash.com/300x180/?concert,music,classical"
211,EDM Blast 93,New York,2026-03-04,National,Folk,85,"https://source.unsplash.com/300x180/?concert,music,folk"
212,Jazz Harmony 28,Miami,2025-11-24,International,Classical,75,"https://source.unsplash.com/300x180/?concert,music,classical"
213,Rock Vibes 66,Seattle,2026-02-10,International,Jazz,17,"https://source.unsplash.com/300x180/?concert,music,jazz"
214,Folk Beats 49,New York,2026-02-08,State,EDM,52,"https://source.unsplash.com/300x180/?concert,music,edm"
215,HipHop Night 35,Seattle,2025-08-23,State,Rock,52,"https://source.unsplash.com/300x180/?concert,music,rock"
216,EDM Blast 10,Los Angeles,2026-01-24,National,EDM,36,"https://source.unsplash.com/300x180/?concert,music,edm"
217,HipHop Night 11,Seattle,2025-09-11,National,Jazz,22,"https://source.unsplash.com/300x180/?concert,music,jazz"
218,Western Melodies 5,Seattle,2025-08-22,International,Western,76,"https://source.unsplash.com/300x180/?concert,music,western"
219,HipHop Night 97,Miami,2025-05-28,International,Classical,20,"https://source.unsplash.com/300x180/?concert,music,classical"
220,Western Melodies 87,Miami,2026-02-05,State,EDM,11,"https://source.unsplash.com/300x180/?concert,music,edm"
221,Western Melodies 93,Houston,2025-07-31,International,Western,38,"https://source.unsplash.com/300x180/?concert,music,western"
222,Rock Vibes 46,Houston,2025-11-21,State,Hip-Hop,74,"https://source.unsplash.com/300x180/?concert,music,hip-hop"
223,Folk Beats 75,Houston,2025-12-15,International,Hip-Hop,46,"https://source.unsplash.com/300x180/?concert,music,hip-hop"
224,Rock Vibes 58,Seattle,2025-09-16,National,Classical,80,"https://source.unsplash.com/300x180/?concert,music,classical"
225,Classical Echoes 82,Boston,2025-11-25,National,EDM,24,"https://source.unsplash.com/300x180/?concert,music,edm"
226,Western Melodies 67,Boston,2025-10-04,International,Hip-Hop,18,"https://source.unsplash.com/300x180/?concert,music,hip-hop"
227,Western Melodies 17,San Francisco,2026-03-14,State,Western,47,"https://source.unsplash.com/300x180/?concert,music,western"
228,Rock Vibes 14,San Francisco,2026-03-30,National,EDM,47,"https://source.unsplash.com/300x180/?concert,music,edm"
229,Jazz Harmony 12,Boston,2025-06-15,State,Jazz,35,"https://source.unsplash.com/300x180/?concert,music,jazz"
230,EDM Blast 2,San Francisco,2025-12-13,International,Jazz,87,"https://source.unsplash.com/300x180/?concert,music,jazz"
231,Rock Vibes 65,Los Angeles,2025-09-22,National,Classical,85,"https://source.unsplash.com/300x180/?concert,music,classical"
232,Folk Beats 82,Boston,2026-01-01,National,EDM,63,"https://source.unsplash.com/300x180/?concert,music,edm"
233,Jazz Harmony 19,San Francisco,2026-01-14,International,Classical,100,"https://source.unsplash.com/300x180/?concert,music,classical"
234,Rock Vibes 21,San Francisco,2025-05-11,International,Classical,32,"https://source.unsplash.com/300x180/?concert,music,classical"
235,HipHop Night 90,Los Angeles,2026-03-14,State,Folk,82,"https://source.unsplash.com/300x180/?concert,music,folk"
236,HipHop Night 79,New York,2025-06-04,State,EDM,32,"https://source.unsplash.com/300x180/?concert,music,edm"
237,Rock Vibes 79,San Francisco,2026-01-30,International,Rock,48,"https://source.unsplash.com/300x180/?concert,music,rock"
238,HipHop Night 85,Boston,2026-04-14,National,Rock,44,"https://source.unsplash.com/300x180/?concert,music,rock"
239,Jazz Harmony 14,Chicago,2025-12-02,International,Jazz,14,"https://source.unsplash.com/300x180/?concert,music,jazz"
240,HipHop Night 67,Los Angeles,2026-04-15,National,Jazz,99,"https://source.unsplash.com/300x180/?concert,music,jazz"
241,HipHop Night 13,Miami,2026-04-20,International,Rock,31,"https://source.unsplash.com/300x180/?concert,music,rock"
242,Western Melodies 93,New York,2026-04-08,International,Folk,72,"https://source.unsplash.com/300x180/?concert,music,folk"
243,Classical Echoes 41,Chicago,2025-06-15,National,Hip-Hop,40,"https://source.unsplash.com/300x180/?concert,music,hip-hop"
244,Classical Echoes 85,Boston,2025-12-02,State,Hip-Hop,66,"https://source.unsplash.com/300x180/?concert,music,hip-hop"
245,Rock Vibes 68,Miami,2026-03-10,International,Folk,68,"https://source.unsplash.com/300x180/?concert,music,folk"
246,Folk Beats 48,San Francisco,2026-02-19,International,Folk,66,"https://source.unsplash.com/300x180/?concert,music,folk"
247,Rock Vibes 65,Seattle,2025-11-17,State,Classical,53,"https://source.unsplash.com/300x180/?concert,music,classical"
248,Jazz Harmony 2,Chicago,2025-12-08,National,Folk,55,"https://source.unsplash.com/300x180/?concert,music,folk"
249,Rock Vibes 27,Miami,2025-09-12,National,Rock,81,"https://source.unsplash.com/300x180/?concert,music,rock"
250,EDM Blast 38,Houston,2026-01-13,International,Folk,75,"https://source.unsplash.com/300x180/?concert,music,folk"
251,Western Melodies 43,Boston,2026-05-04,International,Classical,43,"https://source.unsplash.com/300x180/?concert,music,classical"
252,Western Melodies 24,New York,2025-07-04,State,Classical,17,"https://source.unsplash.com/300x180/?concert,music,classical"
253,Western Melodies 48,Los Angeles,2025-10-13,International,Western,73,"https://source.unsplash.com/300x180/?concert,music,western"
254,Classical Echoes 3,New York,2026-04-30,State,EDM,78,"https://source.unsplash.com/300x180/?concert,music,edm"
255,Western Melodies 4,Miami,2025-10-05,International,Rock,80,"https://source.unsplash.com/300x180/?concert,music,rock"
256,Western Melodies 41,Los Angeles,2026-04-25,National,Hip-Hop,20,"https://source.unsplash.com/300x180/?concert,music,hip-hop"
257,EDM Blast 27,Miami,2025-11-15,International,Jazz,40,"https://source.unsplash.com/300x180/?concert,music,jazz"
258,Classical Echoes 96,New York,2025-05-16,State,Classical,74,"https://source.unsplash.com/300x180/?concert,music,classical"
259,Western Melodies 56,Houston,2025-12-07,National,Folk,50,"https://source.unsplash.com/300x180/?concert,music,folk"
260,EDM Blast 55,Chicago,2026-02-06,State,Folk,78,"https://source.unsplash.com/300x180/?concert,music,folk"
261,Classical Echoes 67,Seattle,2025-05-28,International,Jazz,72,"https://source.unsplash.com/300x180/?concert,music,jazz"
262,Western Melodies 42,Los Angeles,2026-04-14,State,EDM,30,"https://source.unsplash.com/300x180/?concert,music,edm"
263,HipHop Night 32,New York,2026-03-14,National,Western,99,"https://source.unsplash.com/300x180/?concert,music,western"
264,EDM Blast 2,Seattle,2025-05-12,State,Rock,27,"https://source.unsplash.com/300x180/?concert,music,rock"
265,Classical Echoes 94,Miami,2025-11-03,State,Jazz,37,"https://source.unsplash.com/300x180/?concert,music,jazz"
266,Classical Echoes 76,Miami,2025-08-18,State,Jazz,53,"https://source.unsplash.com/300x180/?concert,music,jazz"
267,EDM Blast 86,Boston,2025-09-29,State,Hip-Hop,78,"https://source.unsplash.com/300x180/?concert,music,hip-hop"
268,EDM Blast 18,Los Angeles,2025-10-27,National,Rock,79,"https://source.unsplash.com/300x180/?concert,music,rock"
269,Rock Vibes 51,Los Angeles,2026-04-06,National,Hip-Hop,11,"https://source.unsplash.com/300x180/?concert,music,hip-hop"
270,Folk Beats 40,Los Angeles,2026-02-21,National,Jazz,58,"https://source.unsplash.com/300x180/?concert,music,jazz"
271,Rock Vibes 74,Houston,2025-07-14,National,EDM,75,"https://source.unsplash.com/300x180/?concert,music,edm"
272,Folk Beats 64,Boston,2025-09-24,State,Hip-Hop,96,"https://source.unsplash.com/300x180/?concert,music,hip-hop"
273,HipHop Night 15,San Francisco,2026-03-05,International,Folk,41,"https://source.unsplash.com/300x180/?concert,music,folk"
274,Jazz Harmony 71,Boston,2026-04-16,State,Rock,44,"https://source.unsplash.com/300x180/?concert,music,rock"
275,Rock Vibes 90,San Francisco,2026-02-01,National,Jazz,27,"https://source.unsplash.com/300x180/?concert,music,jazz"
276,Folk Beats 6,New York,2025-07-26,International,Folk,78,"https://source.unsplash.com/300x180/?concert,music,folk"
277,Western Melodies 78,Boston,2026-01-11,State,Rock,38,"https://source.unsplash.com/300x180/?concert,music,rock"
278,EDM Blast 61,Boston,2025-06-08,National,Jazz,16,"https://source.unsplash.com/300x180/?concert,music,jazz"
279,Classical Echoes 49,New York,2025-07-20,International,Folk,25,"https://source.unsplash.com/300x180/?concert,music,folk"
280,EDM Blast 17,Chicago,2026-01-29,International,Hip-Hop,82,"https://source.unsplash.com/300x180/?concert,music,hip-hop"
281,Folk Beats 30,San Francisco,2026-04-03,State,Classical,55,"https://source.unsplash.com/300x180/?concert,music,classical"
282,EDM Blast 9,San Francisco,2025-07-20,National,Western,63,"https://source.unsplash.com/300x180/?concert,music,western"
283,Classical Echoes 66,Seattle,2026-03-09,National,Western,76,"https://source.unsplash.com/300x180/?concert,music,western"
284,Rock Vibes 98,Miami,2025-09-28,International,Jazz,72,"https://source.unsplash.com/300x180/?concert,music,jazz"
285,Western Melodies 9,New York,2025-05-14,International,Classical,79,"https://source.unsplash.com/300x180/?concert,music,classical"
286,Folk Beats 82,New York,2025-05-30,International,Jazz,53,"https://source.unsplash.com/300x180/?concert,music,jazz"
287,Classical Echoes 42,Houston,2025-05-13,State,EDM,25,"https://source.unsplash.com/300x180/?concert,music,edm"
288,EDM Blast 53,Los Angeles,2026-03-29,National,Classical,49,"https://source.unsplash.com/300x180/?concert,music,classical"
289,HipHop Night 29,New York,2025-08-24,National,EDM,51,"https://source.unsplash.com/300x180/?concert,music,edm"
290,EDM Blast 86,Boston,2026-03-30,International,Folk,85,"https://source.unsplash.com/300x180/?concert,music,folk"
291,Rock Vibes 80,New York,2025-12-22,National,Classical,51,"https://source.unsplash.com/300x180/?concert,music,classical"
292,EDM Blast 51,Boston,2025-06-09,State,Hip-Hop,91,"https://source.unsplash.com/300x180/?concert,music,hip-hop"
293,EDM Blast 35,San Francisco,2026-01-27,State,Western,27,"https://source.unsplash.com/300x180/?concert,music,western"
294,Western Melodies 33,San Francisco,2025-11-22,International,Jazz,97,"https://source.unsplash.com/300x180/?concert,music,jazz"
295,HipHop Night 84,New York,2026-01-07,State,Folk,68,"https://source.unsplash.com/300x180/?concert,music,folk"
296,Classical Echoes 67,Los Angeles,2025-12-28,International,Hip-Hop,86,"https://source.unsplash.com/300x180/?concert,music,hip-hop"
297,Rock Vibes 61,New York,2025-12-05,National,Hip-Hop,52,"https://source.unsplash.com/300x180/?concert,music,hip-hop"
298,Jazz Harmony 90,Boston,2025-08-11,National,Folk,23,"https://source.unsplash.com/300x180/?concert,music,folk"
299,Classical Echoes 4,Houston,2025-11-06,National,Hip-Hop,82,"https://source.unsplash.com/300x180/?concert,music,hip-hop"
300,Classical Echoes 12,Chicago,2025-07-31,State,Folk,70,"https://source.unsplash.com/300x180/?concert,music,folk"
